theme,prompt,done
デカ文字！クオッカ省エネスタンプ１,"P1: ACTION/PROPS=""Highly exaggerated joy, wide smile, huge bold brush font text '了解' integrated nearby"" | TEXT=""了解""
P2: ACTION/PROPS=""Bust shot, bowing deeply, paws together, thick impact font text 'お疲れ様' near head"" | TEXT=""お疲れ様""
P3: ACTION/PROPS=""Big heart eyes, blushing cheeks, rounded friendly pop font text 'ありがとう' around face"" | TEXT=""ありがとう""
P4: ACTION/PROPS=""Double thumbs up, confident wink, dynamic italic bold font text 'まかせて' beside arms"" | TEXT=""まかせて""
P5: ACTION/PROPS=""Crying fountain tears, mouth wide open, shaky hand-drawn font text 'ごめん' above head"" | TEXT=""ごめん""
P6: ACTION/PROPS=""Head tilted, giant question mark, chunky block font text 'なに？' floating nearby"" | TEXT=""なに？""
P7: ACTION/PROPS=""Peaceful closed eyes, tiny drool, soft fluffy font text 'おやすみ' near cheek"" | TEXT=""おやすみ""
P8: ACTION/PROPS=""Waving paws vigorously, excited face, energetic loud font text 'おはよー' around torso"" | TEXT=""おはよー""
P9: ACTION/PROPS=""Serious eyes, small sweat drop, sharp gothic font text 'おっけー' beside face"" | TEXT=""おっけー""",1
デカ文字！クオッカ省エネスタンプ１,"P1: ACTION/PROPS=""Holding huge tea cup, zen face, calm traditional font text '了解です' floating in steam"" | TEXT=""了解です""
P2: ACTION/PROPS=""Exhausted eyes, tongue out, melting messy font text 'お疲れ様' sliding down"" | TEXT=""お疲れ様""
P3: ACTION/PROPS=""Clapping paws, musical notes, rhythmic bouncy font text 'サンキュー' above head"" | TEXT=""サンキュー""
P4: ACTION/PROPS=""Nodding head intensely, closed eyes, solid heavy font text 'うんうん' repeating nearby"" | TEXT=""うんうん""
P5: ACTION/PROPS=""Hiding face behind paws, blushing, cute cursive font text '照れる' peeking out"" | TEXT=""照れる""
P6: ACTION/PROPS=""Looking away, whistling, transparent hollow font text 'しらん' beside face"" | TEXT=""しらん""
P7: ACTION/PROPS=""Pointing finger up, smug smirk, elegant serif font text 'さすが' near finger"" | TEXT=""さすが""
P8: ACTION/PROPS=""Shocked wide eyes, jaw dropped, jagged electric font text 'まじで？' surrounding face"" | TEXT=""まじで？""
P9: ACTION/PROPS=""Hugging soft pillow, sleepy eyes, dreamy rounded font text 'ねるね' on pillow"" | TEXT=""ねるね""",1
デカ文字！クオッカ省エネスタンプ１,"P1: ACTION/PROPS=""Huge grin, stars in eyes, glittery disco font text 'おっけ' floating in air"" | TEXT=""おっけ""
P2: ACTION/PROPS=""Leaning forward, hand to ear, bold sans-serif font text 'お疲れ様' framed near ear"" | TEXT=""お疲れ様""
P3: ACTION/PROPS=""Shedding dramatic tear, touched look, glowing divine font text '神すぎる' above head"" | TEXT=""神すぎる""
P4: ACTION/PROPS=""Crossed arms, stubborn pout, heavy weighted font text 'やだ' stamped beside body"" | TEXT=""やだ""
P5: ACTION/PROPS=""Fire in eyes, clenched teeth, hot flaming font text 'やるぞ' burning around head"" | TEXT=""やるぞ""
P6: ACTION/PROPS=""Holding giant phone, tapping fast, digital pixel font text '返信中' on screen area"" | TEXT=""返信中""
P7: ACTION/PROPS=""Exploding head effect, dizzy eyes, distorted glitch font text 'むり' near head"" | TEXT=""むり""
P8: ACTION/PROPS=""Party popper exploding, joyful face, colorful comic font text 'おめ！' in confetti"" | TEXT=""おめ！""
P9: ACTION/PROPS=""Glowing cheeks, holding flower, soft watercolor font text '感謝' near heart"" | TEXT=""感謝""",1
デカ文字！クオッカ省エネスタンプ１,"P1: ACTION/PROPS=""Giving salute, sharp expression, stencil military font text '了解！' beside shoulder"" | TEXT=""了解！""
P2: ACTION/PROPS=""Tired bags under eyes, deep sigh, thin drooping font text 'お疲れ様' falling down"" | TEXT=""お疲れ様""
P3: ACTION/PROPS=""Hands together in prayer, hopeful face, clean gothic font text 'おねがい' above paws"" | TEXT=""おねがい""
P4: ACTION/PROPS=""Sinister grin, shadowy face, creepy horror font text 'にやり' in the shadows"" | TEXT=""にやり""
P5: ACTION/PROPS=""Holding giant 'X' sign, stern face, thick red warning font text 'だめ' on the sign"" | TEXT=""だめ""
P6: ACTION/PROPS=""Chewing leaf, blank stare, round bubble font text 'もぐもぐ' near mouth"" | TEXT=""もぐもぐ""
P7: ACTION/PROPS=""Offering gold medal, proud face, shiny metallic font text '優勝' on medal"" | TEXT=""優勝""
P8: ACTION/PROPS=""Using magnifying glass, squinting, tiny micro font text 'どこ？' inside lens"" | TEXT=""どこ？""
P9: ACTION/PROPS=""Jumping high, ecstatic face, speed line font text 'きたー！' shooting upward"" | TEXT=""きたー！""",1
デカ文字！クオッカ省エネスタンプ１,"P1: ACTION/PROPS=""Thumb to forehead, suave look, ultra-cool minimalist font text 'りょ' near eyes"" | TEXT=""りょ""
P2: ACTION/PROPS=""Holding 'Good Job' sign, warm smile, friendly crayon font text 'お疲れ様' on sign"" | TEXT=""お疲れ様""
P3: ACTION/PROPS=""Blowing heart kiss, winking, romantic script font text 'らぶ' inside a heart"" | TEXT=""らぶ""
P4: ACTION/PROPS=""Covering mouth, giggling, light playful font text 'うふふ' floating around"" | TEXT=""うふふ""
P5: ACTION/PROPS=""Big puppy dog eyes, begging look, wide watery font text 'いい？' below chin"" | TEXT=""いい？""
P6: ACTION/PROPS=""Pointing paws to side, guide face, bold arrow-shaped font text 'あっち' near paws"" | TEXT=""あっち""
P7: ACTION/PROPS=""Wearing sunglasses, nonchalant look, flat modern font text '余裕' above sunglasses"" | TEXT=""余裕""
P8: ACTION/PROPS=""Collapsing forward, spiral eyes, crushed heavy font text 'がふっ' hitting floor area"" | TEXT=""がふっ""
P9: ACTION/PROPS=""Heart floating above head, bliss, pink jelly font text 'すき' near heart"" | TEXT=""すき""",1
デカ文字！クオッカ省エネスタンプ１,"P1: ACTION/PROPS=""Holding giant green checkmark, proud face, clean corporate font text '完了' on checkmark"" | TEXT=""完了""
P2: ACTION/PROPS=""Wiping sweat, relieved face, refreshing breezy font text 'お疲れ様' near forehead"" | TEXT=""お疲れ様""
P3: ACTION/PROPS=""Bowing with paws out, apologetic, low-positioned humble font text 'すまん' near paws"" | TEXT=""すまん""
P4: ACTION/PROPS=""Looking side-eyed, suspicious, narrow condensed font text 'じーっ' trailing from eyes"" | TEXT=""じーっ""
P5: ACTION/PROPS=""Holding warm mug, cozy scarf, warm chunky knit font text 'ほっこり' in steam"" | TEXT=""ほっこり""
P6: ACTION/PROPS=""Facepalm with paw, disappointed, bold impact font text 'まじか' stamped on head"" | TEXT=""まじか""
P7: ACTION/PROPS=""Holding giant red heart, loving look, big balloon font text 'ありがと' on heart"" | TEXT=""ありがと""
P8: ACTION/PROPS=""Bright light in eyes, inspired face, glowing neon font text '名案' above head"" | TEXT=""名案""
P9: ACTION/PROPS=""Waving white flag, defeated look, faded ghost font text '負けました' near flag"" | TEXT=""負けました""",1
デカ文字！クオッカ省エネスタンプ２,"P1: ACTION/PROPS=""Quokka giving a big double thumbs up, sparkling eyes, radiant and happy expression"" | TEXT=""了解です"" P2: ACTION/PROPS=""Quokka bowing with paws pressed together, closing eyes in gratitude"" | TEXT=""感謝"" P3: ACTION/PROPS=""Quokka slumped with a tired face, small swirl on cheek, exhausted smile"" | TEXT=""お疲れ様"" P4: ACTION/PROPS=""Quokka resting chin on paws, looking up with curious and big eyes"" | TEXT=""まだかな"" P5: ACTION/PROPS=""Quokka holding a giant gift box, beaming with a wide happy mouth"" | TEXT=""おめでとう"" P6: ACTION/PROPS=""Quokka with a serious face, holding a magnifying glass prop"" | TEXT=""調査中"" P7: ACTION/PROPS=""Quokka crying with large cartoon tears, exaggerated pouty mouth"" | TEXT=""ごめんね"" P8: ACTION/PROPS=""Quokka crossing arms firmly, looking away with a grumpy face"" | TEXT=""いやだ"" P9: ACTION/PROPS=""Quokka waving with a gentle and warm smile, sleepy half-closed eyes"" | TEXT=""またね""",1
デカ文字！クオッカ省エネスタンプ２,"P1: ACTION/PROPS=""Quokka pointing at self with a confident grin, shining background effect"" | TEXT=""まかせろ"" P2: ACTION/PROPS=""Quokka clutching a heart-shaped pillow, blushing cheeks, eyes closed in bliss"" | TEXT=""最高"" P3: ACTION/PROPS=""Quokka running with a determined face, sweat drops flying back"" | TEXT=""向かってます"" P4: ACTION/PROPS=""Quokka gasping with paws on cheeks, extremely shocked wide eyes"" | TEXT=""ええっ"" P5: ACTION/PROPS=""Quokka wrapped in a fluffy blanket, looking cozy and relaxed"" | TEXT=""ぬくぬく"" P6: ACTION/PROPS=""Quokka winking and giving a small peace sign, playful expression"" | TEXT=""おけまる"" P7: ACTION/PROPS=""Quokka hanging head low, grey shadow over face, depressed look"" | TEXT=""しょぼん"" P8: ACTION/PROPS=""Quokka with a lightbulb glowing above head, excited and inspired grin"" | TEXT=""なるほど"" P9: ACTION/PROPS=""Quokka holding a tray with a cake, offering it with a sweet smile"" | TEXT=""どうぞ""",1
デカ文字！クオッカ省エネスタンプ２,"P1: ACTION/PROPS=""Quokka clapping with high energy, musical notes floating around"" | TEXT=""さすが"" P2: ACTION/PROPS=""Quokka tilting head with a confused look, holding a large question mark"" | TEXT=""なんで？"" P3: ACTION/PROPS=""Quokka leaning on an invisible wall, looking cool and confident"" | TEXT=""余裕"" P4: ACTION/PROPS=""Quokka puffing out chest and cheeks, angry but cute expression"" | TEXT=""むかっ"" P5: ACTION/PROPS=""Quokka jumping with joy, paws spread wide, huge laughing mouth"" | TEXT=""わーい"" P6: ACTION/PROPS=""Quokka peeking from behind a large leaf, curious and shy eyes"" | TEXT=""のぞき"" P7: ACTION/PROPS=""Quokka covering face with one paw, blushing hard, shy smile"" | TEXT=""はずかしい"" P8: ACTION/PROPS=""Quokka looking blankly with dot eyes, soul leaving mouth slightly"" | TEXT=""無の境地"" P9: ACTION/PROPS=""Quokka holding a giant pen and notebook, nodding seriously"" | TEXT=""了解""",1
デカ文字！クオッカ省エネスタンプ２,"P1: ACTION/PROPS=""Quokka giving a small polite nod, calm and reliable smile"" | TEXT=""はい"" P2: ACTION/PROPS=""Quokka sweating profusely, rubbing back of head with a sheepish grin"" | TEXT=""すみません"" P3: ACTION/PROPS=""Quokka with fire in eyes, clenched fists, highly motivated expression"" | TEXT=""やるぞ"" P4: ACTION/PROPS=""Quokka squinting suspiciously, looking sideways with a doubtful face"" | TEXT=""怪しい"" P5: ACTION/PROPS=""Quokka pointing at a large clock prop, frantic and panicked eyes"" | TEXT=""時間です"" P6: ACTION/PROPS=""Quokka laughing uncontrollably, rolling slightly, wide open mouth"" | TEXT=""爆笑"" P7: ACTION/PROPS=""Quokka shivering with a blue face, chattering teeth expression"" | TEXT=""ぶるぶる"" P8: ACTION/PROPS=""Quokka with sparkling eyes looking at something amazing, jaw dropped"" | TEXT=""神"" P9: ACTION/PROPS=""Quokka holding a green checkmark sign, smiling happily"" | TEXT=""おっけ""",1
デカ文字！クオッカ省エネスタンプ２,"P1: ACTION/PROPS=""Quokka waving one paw from afar, friendly and bright expression"" | TEXT=""やっほー"" P2: ACTION/PROPS=""Quokka making a heart shape with both paws, very affectionate look"" | TEXT=""らぶ"" P3: ACTION/PROPS=""Quokka lying down with head on paws, looking bored and flat"" | TEXT=""ねむい"" P4: ACTION/PROPS=""Quokka with a sharp glint in eyes, wearing a tiny detective hat"" | TEXT=""察知"" P5: ACTION/PROPS=""Quokka checking a phone with a surprised face, wide eyes"" | TEXT=""まじ！？"" P6: ACTION/PROPS=""Quokka with a swirl on forehead, dizzy and confused expression"" | TEXT=""ふらふら"" P7: ACTION/PROPS=""Quokka holding a megaphone, wide mouth, looking urgent"" | TEXT=""集合"" P8: ACTION/PROPS=""Quokka with sparkling gold coins in eyes, very excited grin"" | TEXT=""おトク"" P9: ACTION/PROPS=""Quokka throwing petals into the air, extremely happy and celebratory"" | TEXT=""祝""",1
デカ文字！クオッカ省エネスタンプ２,"P1: ACTION/PROPS=""Quokka bowing politely with paws at sides, professional and calm"" | TEXT=""承知"" P2: ACTION/PROPS=""Quokka looking up at bubbles, dreamy and peaceful expression"" | TEXT=""うとうと"" P3: ACTION/PROPS=""Quokka giving a thumbs up with a cool wink, confident vibe"" | TEXT=""任せて"" P4: ACTION/PROPS=""Quokka with red face and steam, eyes squeezed shut in anger"" | TEXT=""激おこ"" P5: ACTION/PROPS=""Quokka sipping from a tiny cup, very calm and relaxed face"" | TEXT=""一服"" P6: ACTION/PROPS=""Quokka frozen with a shocked face, pale skin effect"" | TEXT=""ガーン"" P7: ACTION/PROPS=""Quokka looking at a compass, tilting head with a lost expression"" | TEXT=""迷子"" P8: ACTION/PROPS=""Quokka nodding enthusiastically with a giant sparkly smile"" | TEXT=""いいよ"" P9: ACTION/PROPS=""Quokka waving both paws goodbye, looking kind and happy"" | TEXT=""おやすみ""",1
デカ文字！クオッカの敬語１,"P1: ACTION/PROPS=""Quokka bowing deeply with paws together, sincere and polite expression"" | TEXT=""承知いたしました"" P2: ACTION/PROPS=""Quokka giving a big thumbs up with a bright smile, sparkling eyes"" | TEXT=""ありがとうございます"" P3: ACTION/PROPS=""Quokka wiping sweat with a small towel, smiling gently"" | TEXT=""お疲れ様です"" P4: ACTION/PROPS=""Quokka saluting with one paw, looking reliable and confident"" | TEXT=""お任せください"" P5: ACTION/PROPS=""Quokka waving one paw politely with a warm grin"" | TEXT=""失礼いたします"" P6: ACTION/PROPS=""Quokka tilting head slightly with a kind smile, listening pose"" | TEXT=""いかがでしょうか"" P7: ACTION/PROPS=""Quokka holding a giant telephone prop to ear, nodding seriously"" | TEXT=""承知しました"" P8: ACTION/PROPS=""Quokka with paws pressed together in prayer, looking apologetic"" | TEXT=""申し訳ありません"" P9: ACTION/PROPS=""Quokka bowing slightly with a soft and friendly smile"" | TEXT=""よろしくです""",1
デカ文字！クオッカの敬語１,"P1: ACTION/PROPS=""Quokka pointing at a large document, looking focused and smart"" | TEXT=""確認いたしました"" P2: ACTION/PROPS=""Quokka clapping paws together, joyfully celebrating"" | TEXT=""おめでとうございます"" P3: ACTION/PROPS=""Quokka with a question mark above head, looking curious but polite"" | TEXT=""伺ってもいいですか"" P4: ACTION/PROPS=""Quokka holding a warm tea cup, looking calm and relaxed"" | TEXT=""お気になさらず"" P5: ACTION/PROPS=""Quokka giving a firm nod with eyes closed, looking dependable"" | TEXT=""承知です"" P6: ACTION/PROPS=""Quokka offering a flower with a humble and sweet smile"" | TEXT=""感謝いたします"" P7: ACTION/PROPS=""Quokka looking surprised with wide eyes, paws on cheeks"" | TEXT=""本当ですか"" P8: ACTION/PROPS=""Quokka holding a sign that says YES, nodding happily"" | TEXT=""賛成です"" P9: ACTION/PROPS=""Quokka waving both paws goodbye with a peaceful smile"" | TEXT=""おやすみなさい""",1
デカ文字！クオッカの敬語１,"P1: ACTION/PROPS=""Quokka pumping a fist in the air, highly motivated expression"" | TEXT=""頑張ります"" P2: ACTION/PROPS=""Quokka leaning forward with a hand to ear, looking attentive"" | TEXT=""お聞きします"" P3: ACTION/PROPS=""Quokka with stars in eyes, looking up in awe and respect"" | TEXT=""流石でございます"" P4: ACTION/PROPS=""Quokka sweating with a nervous smile, hand behind head"" | TEXT=""恐縮です"" P5: ACTION/PROPS=""Quokka looking at a clock prop, pointing at it urgently"" | TEXT=""お時間大丈夫ですか"" P6: ACTION/PROPS=""Quokka with a bright lightbulb above head, inspired look"" | TEXT=""承知いたしました"" P7: ACTION/PROPS=""Quokka holding a giant pen, writing on an invisible board"" | TEXT=""記録しました"" P8: ACTION/PROPS=""Quokka with a calm and kind expression, eyes closed"" | TEXT=""かしこまりました"" P9: ACTION/PROPS=""Quokka giving a double peace sign, cheerful but polite"" | TEXT=""嬉しいです""",1
デカ文字！クオッカの敬語１,"P1: ACTION/PROPS=""Quokka bowing very low, looking extremely grateful"" | TEXT=""お世話になってます"" P2: ACTION/PROPS=""Quokka looking up with wide, hopeful eyes and a sweet smile"" | TEXT=""お願いします"" P3: ACTION/PROPS=""Quokka waving one paw in a friendly manner, bright face"" | TEXT=""お疲れ様です"" P4: ACTION/PROPS=""Quokka pointing forward with a big grin, very energetic"" | TEXT=""準備完了です"" P5: ACTION/PROPS=""Quokka with a confused face, holding a magnifying glass"" | TEXT=""詳細求む"" P6: ACTION/PROPS=""Quokka touching cheeks with a happy blush, eyes sparkling"" | TEXT=""助かります"" P7: ACTION/PROPS=""Quokka crossing arms into an X shape, serious but cute face"" | TEXT=""難しいです"" P8: ACTION/PROPS=""Quokka holding a heart-shaped cushion, looking sincere"" | TEXT=""真心込めて"" P9: ACTION/PROPS=""Quokka with a soft smile, nodding gently with eyes shut"" | TEXT=""また明日""",1
デカ文字！クオッカの敬語１,"P1: ACTION/PROPS=""Quokka saluting with a very serious and formal face"" | TEXT=""了解しました"" P2: ACTION/PROPS=""Quokka bowing with a gentle and warm expression"" | TEXT=""いつも感謝です"" P3: ACTION/PROPS=""Quokka with a big smile, holding a steaming coffee cup"" | TEXT=""一休みしませんか"" P4: ACTION/PROPS=""Quokka pointing to the side, looking helpful and bright"" | TEXT=""こちらです"" P5: ACTION/PROPS=""Quokka with wide eyes looking shocked, jaw dropped slightly"" | TEXT=""左様でございますか"" P6: ACTION/PROPS=""Quokka holding a megaphone, looking very eager to speak"" | TEXT=""報告です"" P7: ACTION/PROPS=""Quokka crying with large cartoon tears, looking very sorry"" | TEXT=""反省しております"" P8: ACTION/PROPS=""Quokka giving a cool thumbs up and a wink"" | TEXT=""バッチリです"" P9: ACTION/PROPS=""Quokka sleeping peacefully with a small blanket"" | TEXT=""失礼して寝ます""",
デカ文字！クオッカの敬語１,"P1: ACTION/PROPS=""Quokka nodding enthusiastically, very happy and bright face"" | TEXT=""大賛成です"" P2: ACTION/PROPS=""Quokka sweating with a polite but awkward smile"" | TEXT=""あいにく外出中です"" P3: ACTION/PROPS=""Quokka with eyes turned into happy curves, very joyful"" | TEXT=""楽しみです"" P4: ACTION/PROPS=""Quokka holding a large umbrella, looking helpful"" | TEXT=""お気をつけて"" P5: ACTION/PROPS=""Quokka leaning on a cane like a wise elder, smiling"" | TEXT=""お見事です"" P6: ACTION/PROPS=""Quokka looking through a telescope prop, curious gaze"" | TEXT=""拝見しました"" P7: ACTION/PROPS=""Quokka clutching paws together under chin, pleading eyes"" | TEXT=""何卒です"" P8: ACTION/PROPS=""Quokka with a very peaceful and serene face, eyes closed"" | TEXT=""良かったです"" P9: ACTION/PROPS=""Quokka waving with a huge, open-mouthed happy grin"" | TEXT=""お疲れ様でした""",
シュールなデカ文字クオッカ,"P1: ACTION/PROPS=""Quokka gasping with paws on cheeks, extremely shocked wide eyes, jaw dropped"" | TEXT=""まじで"" P2: ACTION/PROPS=""Quokka with sparkling stars in eyes, radiant and ecstatic expression"" | TEXT=""最高"" P3: ACTION/PROPS=""Quokka jumping with joy, paws spread wide, huge laughing mouth"" | TEXT=""わーい"" P4: ACTION/PROPS=""Quokka crying with large cartoon tears, exaggerated sobbing face"" | TEXT=""ぴえん"" P5: ACTION/PROPS=""Quokka pumping both fists in the air, intense fire in eyes"" | TEXT=""あつすぎる"" P6: ACTION/PROPS=""Quokka tilting head with a giant question mark, extremely confused face"" | TEXT=""はて？"" P7: ACTION/PROPS=""Quokka giving a big double thumbs up, winking with a confident grin"" | TEXT=""それな"" P8: ACTION/PROPS=""Quokka looking blankly with dot eyes, soul drifting out of mouth"" | TEXT=""白目"" P9: ACTION/PROPS=""Quokka clapping paws rapidly, looking deeply impressed and moved"" | TEXT=""さすが""",
シュールなデカ文字クオッカ,"P1: ACTION/PROPS=""Quokka clutching heart with both paws, blushing cheeks, eyes closed in bliss"" | TEXT=""尊い"" P2: ACTION/PROPS=""Quokka covering mouth with one paw, snickering with mischievous eyes"" | TEXT=""うける"" P3: ACTION/PROPS=""Quokka with a dark shadow over face, looking horrified and pale"" | TEXT=""震える"" P4: ACTION/PROPS=""Quokka leaning forward with a huge grin, eyes shining with curiosity"" | TEXT=""詳しく"" P5: ACTION/PROPS=""Quokka holding a giant gold medal, beaming with pride"" | TEXT=""天才"" P6: ACTION/PROPS=""Quokka falling backward with legs in the air, shocked expression"" | TEXT=""嘘でしょ"" P7: ACTION/PROPS=""Quokka looking through fingers while covering face, shy but curious"" | TEXT=""チラッ"" P8: ACTION/PROPS=""Quokka with steam coming from ears, face red and puffed out"" | TEXT=""激おこ"" P9: ACTION/PROPS=""Quokka bowing repeatedly with a frantic and apologetic face"" | TEXT=""すまん""",
シュールなデカ文字クオッカ,"P1: ACTION/PROPS=""Quokka making a big circle with arms above head, huge bright smile"" | TEXT=""大正解"" P2: ACTION/PROPS=""Quokka making a big X with arms, looking firm and serious"" | TEXT=""却下"" P3: ACTION/PROPS=""Quokka looking at a smartphone with a frozen, shocked expression"" | TEXT=""通知表"" P4: ACTION/PROPS=""Quokka rubbing belly with a satisfied and sleepy smile"" | TEXT=""満腹"" P5: ACTION/PROPS=""Quokka pointing and laughing heartily, eyes squeezed shut"" | TEXT=""草"" P6: ACTION/PROPS=""Quokka shivering with a blue face and chattering teeth"" | TEXT=""ひえっ"" P7: ACTION/PROPS=""Quokka with a magnifying glass, squinting with a suspicious gaze"" | TEXT=""解読不能"" P8: ACTION/PROPS=""Quokka throwing flowers and confetti, looking very festive"" | TEXT=""神展開"" P9: ACTION/PROPS=""Quokka giving a small, polite nod with a calm smile"" | TEXT=""把握""",
シュールなデカ文字クオッカ,"P1: ACTION/PROPS=""Quokka looking up with sparkling eyes of wonder, jaw dropped"" | TEXT=""すごすぎる"" P2: ACTION/PROPS=""Quokka face-palming with a huge sigh, looking disappointed"" | TEXT=""あちゃー"" P3: ACTION/PROPS=""Quokka with heart-shaped eyes, floating hearts around head"" | TEXT=""キュン"" P4: ACTION/PROPS=""Quokka with a very flat, expressionless mouth and dull eyes"" | TEXT=""虚無"" P5: ACTION/PROPS=""Quokka giving a thumbs up while crying tears of joy"" | TEXT=""感動"" P6: ACTION/PROPS=""Quokka hiding behind a giant leaf, peeking with one eye"" | TEXT=""様子見"" P7: ACTION/PROPS=""Quokka punching the air with a determined and fiery face"" | TEXT=""やるぞ"" P8: ACTION/PROPS=""Quokka wearing a detective hat, looking very thoughtful"" | TEXT=""事件だ"" P9: ACTION/PROPS=""Quokka tilting head with a hand to ear, looking eager to hear"" | TEXT=""おせーて""",
シュールなデカ文字クオッカ,"P1: ACTION/PROPS=""Quokka sweating a giant drop, wearing a forced and awkward smile"" | TEXT=""やばい"" P2: ACTION/PROPS=""Quokka with wide eyes, holding a microphone like a reporter"" | TEXT=""まじすか"" P3: ACTION/PROPS=""Quokka jumping up with a huge star effect in the background"" | TEXT=""きたー"" P4: ACTION/PROPS=""Quokka hugging self and trembling with a scared face"" | TEXT=""こわい"" P5: ACTION/PROPS=""Quokka with a smug and confident face, arms crossed"" | TEXT=""どやあ"" P6: ACTION/PROPS=""Quokka drooling slightly while looking at something tasty"" | TEXT=""よだれ"" P7: ACTION/PROPS=""Quokka with swirls in eyes, looking dizzy and confused"" | TEXT=""むり"" P8: ACTION/PROPS=""Quokka nodding so fast its head is blurred, happy face"" | TEXT=""激しく同意"" P9: ACTION/PROPS=""Quokka waving paws frantically with a panicked expression"" | TEXT=""落ち着いて""",
シュールなデカ文字クオッカ,"P1: ACTION/PROPS=""Quokka bowing so low its head is at the bottom, very humble"" | TEXT=""神様仏様"" P2: ACTION/PROPS=""Quokka with a mischievous grin and a glint in eyes"" | TEXT=""計画通り"" P3: ACTION/PROPS=""Quokka looking at a clock with a shocked and rushed face"" | TEXT=""時間切れ"" P4: ACTION/PROPS=""Quokka giving a small wink and a thumbs up, looking cool"" | TEXT=""了解"" P5: ACTION/PROPS=""Quokka with a bright lightbulb, looking very excited"" | TEXT=""名案"" P6: ACTION/PROPS=""Quokka slumped over with a grey aura, looking defeated"" | TEXT=""詰んだ"" P7: ACTION/PROPS=""Quokka saluting with a very determined and serious look"" | TEXT=""承知"" P8: ACTION/PROPS=""Quokka with a giant sparkly smile, looking purely innocent"" | TEXT=""いいよ"" P9: ACTION/PROPS=""Quokka waving goodbye with a warm and friendly smile"" | TEXT=""乙""",
デカ文字！クオッカのリアクション,"P1: ACTION/PROPS=""Quokka with jaw dropped to the floor, eyes popping out in total disbelief"" | TEXT=""嘘でしょ"" P2: ACTION/PROPS=""Quokka doing a celebratory dance, paws in the air, ecstatic grin"" | TEXT=""優勝"" P3: ACTION/PROPS=""Quokka eyes replaced by giant red hearts, leaning forward with a blush"" | TEXT=""好きすぎ"" P4: ACTION/PROPS=""Quokka with dark bags under eyes, holding a large cup of coffee, exhausted face"" | TEXT=""限界"" P5: ACTION/PROPS=""Quokka with a glowing golden aura, looking extremely divine and peaceful"" | TEXT=""尊い"" P6: ACTION/PROPS=""Quokka clutching stomach and laughing so hard tears are flying out"" | TEXT=""腹痛い"" P7: ACTION/PROPS=""Quokka peeking through spread fingers, face red with embarrassment"" | TEXT=""見ちゃダメ"" P8: ACTION/PROPS=""Quokka looking down at an empty wallet or plate, soul leaving body"" | TEXT=""絶望"" P9: ACTION/PROPS=""Quokka giving a small thumbs up while buried in work or papers"" | TEXT=""生きてる""",
デカ文字！クオッカのリアクション,"P1: ACTION/PROPS=""Quokka looking through a giant magnifying glass, squinting suspiciously"" | TEXT=""特定した"" P2: ACTION/PROPS=""Quokka with wide eyes and open mouth, looking at a phone in shock"" | TEXT=""えええ"" P3: ACTION/PROPS=""Quokka with a smug face, wearing cool sunglasses, looking super confident"" | TEXT=""知ってた"" P4: ACTION/PROPS=""Quokka shivering with a blue face, ice cubes floating around head"" | TEXT=""寒気"" P5: ACTION/PROPS=""Quokka pumping a fist with fire burning in the background"" | TEXT=""負けない"" P6: ACTION/PROPS=""Quokka with a flat mouth and half-closed eyes, looking totally bored"" | TEXT=""で？"" P7: ACTION/PROPS=""Quokka hugging a giant pillow, looking cozy and sleepy"" | TEXT=""幸せ"" P8: ACTION/PROPS=""Quokka with steam blowing out of nose, looking ready to explode"" | TEXT=""無理"" P9: ACTION/PROPS=""Quokka giving a deep, respectful bow with eyes closed"" | TEXT=""感謝""",
デカ文字！クオッカのリアクション,"P1: ACTION/PROPS=""Quokka making a heart with both paws, winking with a cute smile"" | TEXT=""愛だね"" P2: ACTION/PROPS=""Quokka tilting head with three large question marks overhead"" | TEXT=""理解不能"" P3: ACTION/PROPS=""Quokka holding a giant '100 points' sign, beaming with joy"" | TEXT=""満点"" P4: ACTION/PROPS=""Quokka face down with small bubbles coming out, totally defeated"" | TEXT=""おしまい"" P5: ACTION/PROPS=""Quokka looking side to side with a sneaky and mischievous grin"" | TEXT=""しめしめ"" P6: ACTION/PROPS=""Quokka wiping away a single dramatic tear, looking deeply moved"" | TEXT=""全米泣いた"" P7: ACTION/PROPS=""Quokka holding a giant megaphone, shouting with wide mouth"" | TEXT=""速報"" P8: ACTION/PROPS=""Quokka with a blank face and dot eyes, holding a tea cup"" | TEXT=""静観"" P9: ACTION/PROPS=""Quokka waving both paws frantically, looking very panicked"" | TEXT=""わわわ""",
デカ文字！クオッカのリアクション,"P1: ACTION/PROPS=""Quokka with stars in eyes, looking up at something beautiful"" | TEXT=""キラキラ"" P2: ACTION/PROPS=""Quokka sweating a waterfall, looking extremely nervous"" | TEXT=""滝汗"" P3: ACTION/PROPS=""Quokka giving a sharp salute with a very serious face"" | TEXT=""了解"" P4: ACTION/PROPS=""Quokka with a very angry face, biting a giant handkerchief"" | TEXT=""悔しい"" P5: ACTION/PROPS=""Quokka with a bright lightbulb and a clever grin"" | TEXT=""天才か"" P6: ACTION/PROPS=""Quokka sleeping with a snot bubble, very peaceful face"" | TEXT=""爆睡"" P7: ACTION/PROPS=""Quokka peeking out from the bottom of the frame, curious eyes"" | TEXT=""きたよ"" P8: ACTION/PROPS=""Quokka with a dark aura and a menacing smile"" | TEXT=""ふふふ"" P9: ACTION/PROPS=""Quokka throwing confetti with a huge happy face"" | TEXT=""祝杯""",
デカ文字！クオッカのリアクション,"P1: ACTION/PROPS=""Quokka bowing so fast it creates after-images, very apologetic"" | TEXT=""猛省"" P2: ACTION/PROPS=""Quokka giving two thumbs up with a goofy, giant smile"" | TEXT=""よき"" P3: ACTION/PROPS=""Quokka with jaw dropped, holding a dropped ice cream"" | TEXT=""時が止まった"" P4: ACTION/PROPS=""Quokka with a very stern face, arms crossed like a judge"" | TEXT=""有罪"" P5: ACTION/PROPS=""Quokka looking through a telescope, looking very focused"" | TEXT=""発見"" P6: ACTION/PROPS=""Quokka rubbing head with a shy and awkward smile"" | TEXT=""てへっ"" P7: ACTION/PROPS=""Quokka clutching head with both paws, looking very stressed"" | TEXT=""パンク"" P8: ACTION/PROPS=""Quokka with eyes turned into dollar signs, grinning greedily"" | TEXT=""金運"" P9: ACTION/PROPS=""Quokka giving a cool peace sign and a wink"" | TEXT=""おけ""",
デカ文字！クオッカのリアクション,"P1: ACTION/PROPS=""Quokka with a big smile, holding a sign that says 'YES'"" | TEXT=""それだ"" P2: ACTION/PROPS=""Quokka pointing at self with a very proud expression"" | TEXT=""私です"" P3: ACTION/PROPS=""Quokka with huge, teary puppy-dog eyes, pleading"" | TEXT=""いいなぁ"" P4: ACTION/PROPS=""Quokka hiding under a blanket, only eyes showing"" | TEXT=""ひきこもり"" P5: ACTION/PROPS=""Quokka looking shocked, holding a smartphone that is exploding with notifications"" | TEXT=""通知やばい"" P6: ACTION/PROPS=""Quokka with a very happy face, surrounded by musical notes"" | TEXT=""ルンルン"" P7: ACTION/PROPS=""Quokka with a serious detective face, holding a pipe prop"" | TEXT=""謎解き"" P8: ACTION/PROPS=""Quokka waving one paw casually with a sleepy face"" | TEXT=""おは"" P9: ACTION/PROPS=""Quokka with a giant sparkly smile, nodding slowly"" | TEXT=""わかる""",
毎日使える！クオッカのデカ文字,"P1: ACTION/PROPS=""Highly exaggerated happy face with a big thumbs up, sparkling eyes, huge bold text '了解です' floating in front"" | TEXT=""了解です"" P2: ACTION/PROPS=""Sincere face bowing deeply, paws together, enormous thick text 'ありがとう' dominating the frame"" | TEXT=""ありがとう"" P3: ACTION/PROPS=""Exhausted face wiping sweat with a towel, smiling, giant heavy text 'お疲れ様' in foreground"" | TEXT=""お疲れ様"" P4: ACTION/PROPS=""Energetic face waving both hands, wide open-mouth grin, massive bold text 'おはよー' across the center"" | TEXT=""おはよー"" P5: ACTION/PROPS=""Confident and reliable smile with a firm nod, enormous 3D-style text 'おまかせ' in front"" | TEXT=""おまかせ"" P6: ACTION/PROPS=""Confused face with wide eyes tilting head, giant bright text 'はて？' filling the space"" | TEXT=""はて？"" P7: ACTION/PROPS=""Proud and cheerful face pointing at chest, massive high-impact text '呼びました？' across the image"" | TEXT=""呼びました？"" P8: ACTION/PROPS=""Firm but cute face crossing arms to form an X, enormous bold text 'だめです' in front"" | TEXT=""だめです"" P9: ACTION/PROPS=""Peaceful sleeping face with a snot bubble, closed eyes, giant soft text 'おやすみ' dominating the top"" | TEXT=""おやすみ""",
毎日使える！クオッカのデカ文字,"P1: ACTION/PROPS=""Dependable face saluting, looking smart, massive thick text '承知した' across the middle"" | TEXT=""承知した"" P2: ACTION/PROPS=""Blushing face clutching a giant heart, blissful eyes, enormous bold text 'だいすき' in foreground"" | TEXT=""だいすき"" P3: ACTION/PROPS=""Determined face running, sweat drops flying, giant high-speed text '向かってます' filling the frame"" | TEXT=""向かってます"" P4: ACTION/PROPS=""Extremely shocked face with paws on cheeks, wide eyes, enormous bold text 'まじで' across the center"" | TEXT=""まじで"" P5: ACTION/PROPS=""Relaxed smiling face resting chin on hands, massive calm text 'まったり' in front"" | TEXT=""まったり"" P6: ACTION/PROPS=""Playful face winking and giving a peace sign, enormous bright text 'おっけー' dominating the frame"" | TEXT=""おっけー"" P7: ACTION/PROPS=""Disappointed face hanging head low with grey shadow, giant heavy text 'しょぼん' across the image"" | TEXT=""しょぼん"" P8: ACTION/PROPS=""Inspired grin with a bright lightbulb above head, massive bold text 'なるほど' in foreground"" | TEXT=""なるほど"" P9: ACTION/PROPS=""Sweet humble smile offering a warm mug, enormous soft text 'どうぞ' filling the space"" | TEXT=""どうぞ""",
毎日使える！クオッカのデカ文字,"P1: ACTION/PROPS=""Joyful supportive face clapping hands, musical notes, massive thick text 'さすが' in front"" | TEXT=""さすが"" P2: ACTION/PROPS=""Pleading face with puppy-dog eyes, paws under chin, enormous bold text 'お願い' across the center"" | TEXT=""お願い"" P3: ACTION/PROPS=""Curious face leaning forward with hand to ear, massive high-impact text 'なになに' filling the frame"" | TEXT=""なになに"" P4: ACTION/PROPS=""Annoyed face puffing out cheeks in a pout, enormous bold text 'ぷんぷん' across the middle"" | TEXT=""ぷんぷん"" P5: ACTION/PROPS=""Jumping joyfully with a huge open mouth, enormous thick text 'やったー' dominating the image"" | TEXT=""やったー"" P6: ACTION/PROPS=""Mysterious gaze peeking from behind a large object, giant bold text 'じーっ' in foreground"" | TEXT=""じーっ"" P7: ACTION/PROPS=""Shy smiling face covering cheeks, blushing hard, enormous soft text 'てれる' filling the space"" | TEXT=""てれる"" P8: ACTION/PROPS=""Emotionless face with dot eyes and flat mouth, massive heavy text '無' across the center"" | TEXT=""無"" P9: ACTION/PROPS=""Focused face looking at a smartphone, nodding, enormous bold text '確認中' in front"" | TEXT=""確認中""",
毎日使える！クオッカのデカ文字,"P1: ACTION/PROPS=""Polite respectful face bowing, eyes closed, enormous thick text 'はい' dominating the frame"" | TEXT=""はい"" P2: ACTION/PROPS=""Awkward smiling face with a giant sweat drop, massive bold text 'すみません' in foreground"" | TEXT=""すみません"" P3: ACTION/PROPS=""Highly motivated face with fire in eyes, fist up, enormous heavy text 'やるぞ' across the center"" | TEXT=""やるぞ"" P4: ACTION/PROPS=""Doubtful face squinting suspiciously, looking sideways, giant bold text 'あやしい' filling the space"" | TEXT=""あやしい"" P5: ACTION/PROPS=""Panicked face pointing at a clock, wide eyes, enormous high-impact text '急ぎます' in front"" | TEXT=""急ぎます"" P6: ACTION/PROPS=""Laughing face with eyes squeezed shut, wide mouth, massive bold text 'うける' across the image"" | TEXT=""うける"" P7: ACTION/PROPS=""Cold face shivering and hugging shoulders, enormous heavy text 'さむい' dominating the frame"" | TEXT=""さむい"" P8: ACTION/PROPS=""Awe-struck face looking up with stars in eyes, massive bright text 'すごーい' in foreground"" | TEXT=""すごーい"" P9: ACTION/PROPS=""Happy nodding face holding a YES sign, enormous bold text 'さんせい' filling the space"" | TEXT=""さんせい""",
毎日使える！クオッカのデカ文字,"P1: ACTION/PROPS=""Relaxed greeting face waving one hand, enormous thick text 'おーい' across the center"" | TEXT=""おーい"" P2: ACTION/PROPS=""Kissing face with fluttering eyelashes, floating hearts, massive bold text 'ちゅっ' in front"" | TEXT=""ちゅっ"" P3: ACTION/PROPS=""Depressed face slumped with head down, grey aura, enormous heavy text 'がーん' filling the frame"" | TEXT=""がーん"" P4: ACTION/PROPS=""Menacing grin with a dark shadow over eyes, massive bold text '計画通り' across the middle"" | TEXT=""計画通り"" P5: ACTION/PROPS=""Impatient face checking a wrist watch, enormous high-impact text 'まだー？' in foreground"" | TEXT=""まだー？"" P6: ACTION/PROPS=""Brave pained face with a big bandage, giant bold text 'いたたた' dominating the image"" | TEXT=""いたたた"" P7: ACTION/PROPS=""Shouting face with wide mouth and a megaphone, enormous thick text 'ちゅうもく' in front"" | TEXT=""ちゅうもく"" P8: ACTION/PROPS=""Greedy cute grin with gold coins in eyes, massive bold text 'おたから' across the center"" | TEXT=""おたから"" P9: ACTION/PROPS=""Celebratory festive face throwing confetti, enormous thick text 'さいこう' filling the frame"" | TEXT=""さいこう""",
毎日使える！クオッカのデカ文字,"P1: ACTION/PROPS=""Professional calm face bowing with hands at sides, massive bold text '了解' across the middle"" | TEXT=""了解"" P2: ACTION/PROPS=""Dreamy peaceful face looking up at bubbles, enormous soft text 'ふわふわ' in foreground"" | TEXT=""ふわふわ"" P3: ACTION/PROPS=""Heroic pose with a proud chest, pointing at self, giant high-impact text 'まかせろ' filling the image"" | TEXT=""まかせろ"" P4: ACTION/PROPS=""Very angry face with steam coming out of ears, massive bold text 'おこ' across the center"" | TEXT=""おこ"" P5: ACTION/PROPS=""Calm serene face sipping tea from a cup, enormous thick text 'ほっこり' in front"" | TEXT=""ほっこり"" P6: ACTION/PROPS=""Frozen shocked face with pale skin effect, giant heavy text 'ぜっく' dominating the frame"" | TEXT=""ぜっく"" P7: ACTION/PROPS=""Confused face looking at a map, head tilted, enormous bold text 'どこ？' across the image"" | TEXT=""どこ？"" P8: ACTION/PROPS=""Enthusiastic nodding with a giant sparkly smile, massive bright text 'いいよ' in foreground"" | TEXT=""いいよ"" P9: ACTION/PROPS=""Warm smiling face waving goodbye, enormous thick text 'またね' filling the space"" | TEXT=""またね""",
